items,key
WygxLjAsICcjdGlwc0BpbmZvcmxlYXJuLmFwcHNwb3QuY29tJyksICgxLjAsICcjc3VwcG9ydEBpbmZvcmxlYXJuLmFwcHNwb3QuY29tJyksICgxLjAsICcjc29mdG11c2ljQGluZm9ybGVhcm4uYXBwc3BvdC5jb20nKSwgKDEuMCwgJyNzbWF0YXBwc0BpbmZvcmxlYXJuLmFwcHNwb3QuY29tJyksICgxLjAsICcjc2NhbGFiaWxpdHlAaW5mb3JsZWFybi5hcHBzcG90LmNvbScpLCAoMS4wLCAnI3B5dGhvbkBpbmZvcmxlYXJuLmFwcHNwb3QuY29tJyksICgxLjAsICcjbm9zcWxAaW5mb3JsZWFybi5hcHBzcG90LmNvbScpLCAoMS4wLCAnI25ld3NAaW5mb3JsZWFybi5hcHBzcG90LmNvbScpLCAoMS4wLCAnI21vbmdvZGJAaW5mb3JsZWFybi5hcHBzcG90LmNvbScpLCAoMS4wLCAnI2xpbnV4QGluZm9ybGVhcm4uYXBwc3BvdC5jb20nKSwgKDEuMCwgJyNsYW1wQGluZm9ybGVhcm4uYXBwc3BvdC5jb20nKSwgKDEuMCwgJyNpbmZvcmxlYXJuc3RhdHVzQGluZm9ybGVhcm4uYXBwc3BvdC5jb20nKSwgKDEuMCwgJyNpbmZvcmxlYXJuQGluZm9ybGVhcm4uYXBwc3BvdC5jb20nKSwgKDEuMCwgJyNoYWRvb3BAaW5mb3JsZWFybi5hcHBzcG90LmNvbScpLCAoMS4wLCAnI2ZlZWRiYWNrQGluZm9ybGVhcm4uYXBwc3BvdC5jb20nKSwgKDEuMCwgJyNkamFuZ29AaW5mb3JsZWFybi5hcHBzcG90LmNvbScpLCAoMS4wLCAnI2Nsb3VkY29tcHV0aW5nQGluZm9ybGVhcm4uYXBwc3BvdC5jb20nKSwgKDEuMCwgJyNidWdzQGluZm9ybGVhcm4uYXBwc3BvdC5jb20nKSwgKDAuNzA3MTA2NzgxMTg2NTQ3NDYsICcjZ2FlQGluZm9ybGVhcm4uYXBwc3BvdC5jb20nKV0=,channel:channels/#bug@inforlearn.appspot.com
WygxLjAsICcjdGlwc0BpbmZvcmxlYXJuLmFwcHNwb3QuY29tJyksICgxLjAsICcjc3VwcG9ydEBpbmZvcmxlYXJuLmFwcHNwb3QuY29tJyksICgxLjAsICcjc29mdG11c2ljQGluZm9ybGVhcm4uYXBwc3BvdC5jb20nKSwgKDEuMCwgJyNzbWF0YXBwc0BpbmZvcmxlYXJuLmFwcHNwb3QuY29tJyksICgxLjAsICcjc2NhbGFiaWxpdHlAaW5mb3JsZWFybi5hcHBzcG90LmNvbScpLCAoMS4wLCAnI3B5dGhvbkBpbmZvcmxlYXJuLmFwcHNwb3QuY29tJyksICgxLjAsICcjbm9zcWxAaW5mb3JsZWFybi5hcHBzcG90LmNvbScpLCAoMS4wLCAnI25ld3NAaW5mb3JsZWFybi5hcHBzcG90LmNvbScpLCAoMS4wLCAnI21vbmdvZGJAaW5mb3JsZWFybi5hcHBzcG90LmNvbScpLCAoMS4wLCAnI2xpbnV4QGluZm9ybGVhcm4uYXBwc3BvdC5jb20nKSwgKDEuMCwgJyNsYW1wQGluZm9ybGVhcm4uYXBwc3BvdC5jb20nKSwgKDEuMCwgJyNpbmZvcmxlYXJuc3RhdHVzQGluZm9ybGVhcm4uYXBwc3BvdC5jb20nKSwgKDEuMCwgJyNpbmZvcmxlYXJuQGluZm9ybGVhcm4uYXBwc3BvdC5jb20nKSwgKDEuMCwgJyNoYWRvb3BAaW5mb3JsZWFybi5hcHBzcG90LmNvbScpLCAoMS4wLCAnI2ZlZWRiYWNrQGluZm9ybGVhcm4uYXBwc3BvdC5jb20nKSwgKDEuMCwgJyNkamFuZ29AaW5mb3JsZWFybi5hcHBzcG90LmNvbScpLCAoMS4wLCAnI2Nsb3VkY29tcHV0aW5nQGluZm9ybGVhcm4uYXBwc3BvdC5jb20nKSwgKDEuMCwgJyNidWdAaW5mb3JsZWFybi5hcHBzcG90LmNvbScpLCAoMC43MDcxMDY3ODExODY1NDc0NiwgJyNnYWVAaW5mb3JsZWFybi5hcHBzcG90LmNvbScpXQ==,channel:channels/#bugs@inforlearn.appspot.com
WygxLjAsICcjdGlwc0BpbmZvcmxlYXJuLmFwcHNwb3QuY29tJyksICgxLjAsICcjc3VwcG9ydEBpbmZvcmxlYXJuLmFwcHNwb3QuY29tJyksICgxLjAsICcjc29mdG11c2ljQGluZm9ybGVhcm4uYXBwc3BvdC5jb20nKSwgKDEuMCwgJyNzbWF0YXBwc0BpbmZvcmxlYXJuLmFwcHNwb3QuY29tJyksICgxLjAsICcjc2NhbGFiaWxpdHlAaW5mb3JsZWFybi5hcHBzcG90LmNvbScpLCAoMS4wLCAnI3B5dGhvbkBpbmZvcmxlYXJuLmFwcHNwb3QuY29tJyksICgxLjAsICcjbm9zcWxAaW5mb3JsZWFybi5hcHBzcG90LmNvbScpLCAoMS4wLCAnI25ld3NAaW5mb3JsZWFybi5hcHBzcG90LmNvbScpLCAoMS4wLCAnI21vbmdvZGJAaW5mb3JsZWFybi5hcHBzcG90LmNvbScpLCAoMS4wLCAnI2xpbnV4QGluZm9ybGVhcm4uYXBwc3BvdC5jb20nKSwgKDEuMCwgJyNsYW1wQGluZm9ybGVhcm4uYXBwc3BvdC5jb20nKSwgKDEuMCwgJyNpbmZvcmxlYXJuc3RhdHVzQGluZm9ybGVhcm4uYXBwc3BvdC5jb20nKSwgKDEuMCwgJyNpbmZvcmxlYXJuQGluZm9ybGVhcm4uYXBwc3BvdC5jb20nKSwgKDEuMCwgJyNoYWRvb3BAaW5mb3JsZWFybi5hcHBzcG90LmNvbScpLCAoMS4wLCAnI2ZlZWRiYWNrQGluZm9ybGVhcm4uYXBwc3BvdC5jb20nKSwgKDEuMCwgJyNkamFuZ29AaW5mb3JsZWFybi5hcHBzcG90LmNvbScpLCAoMS4wLCAnI2J1Z3NAaW5mb3JsZWFybi5hcHBzcG90LmNvbScpLCAoMS4wLCAnI2J1Z0BpbmZvcmxlYXJuLmFwcHNwb3QuY29tJyksICgwLjcwNzEwNjc4MTE4NjU0NzQ2LCAnI2dhZUBpbmZvcmxlYXJuLmFwcHNwb3QuY29tJyld,channel:channels/#cloudcomputing@inforlearn.appspot.com
WygxLjAsICcjdGlwc0BpbmZvcmxlYXJuLmFwcHNwb3QuY29tJyksICgxLjAsICcjc3VwcG9ydEBpbmZvcmxlYXJuLmFwcHNwb3QuY29tJyksICgxLjAsICcjc29mdG11c2ljQGluZm9ybGVhcm4uYXBwc3BvdC5jb20nKSwgKDEuMCwgJyNzbWF0YXBwc0BpbmZvcmxlYXJuLmFwcHNwb3QuY29tJyksICgxLjAsICcjc2NhbGFiaWxpdHlAaW5mb3JsZWFybi5hcHBzcG90LmNvbScpLCAoMS4wLCAnI3B5dGhvbkBpbmZvcmxlYXJuLmFwcHNwb3QuY29tJyksICgxLjAsICcjbm9zcWxAaW5mb3JsZWFybi5hcHBzcG90LmNvbScpLCAoMS4wLCAnI25ld3NAaW5mb3JsZWFybi5hcHBzcG90LmNvbScpLCAoMS4wLCAnI21vbmdvZGJAaW5mb3JsZWFybi5hcHBzcG90LmNvbScpLCAoMS4wLCAnI2xpbnV4QGluZm9ybGVhcm4uYXBwc3BvdC5jb20nKSwgKDEuMCwgJyNsYW1wQGluZm9ybGVhcm4uYXBwc3BvdC5jb20nKSwgKDEuMCwgJyNpbmZvcmxlYXJuc3RhdHVzQGluZm9ybGVhcm4uYXBwc3BvdC5jb20nKSwgKDEuMCwgJyNpbmZvcmxlYXJuQGluZm9ybGVhcm4uYXBwc3BvdC5jb20nKSwgKDEuMCwgJyNoYWRvb3BAaW5mb3JsZWFybi5hcHBzcG90LmNvbScpLCAoMS4wLCAnI2ZlZWRiYWNrQGluZm9ybGVhcm4uYXBwc3BvdC5jb20nKSwgKDEuMCwgJyNjbG91ZGNvbXB1dGluZ0BpbmZvcmxlYXJuLmFwcHNwb3QuY29tJyksICgxLjAsICcjYnVnc0BpbmZvcmxlYXJuLmFwcHNwb3QuY29tJyksICgxLjAsICcjYnVnQGluZm9ybGVhcm4uYXBwc3BvdC5jb20nKSwgKDAuNzA3MTA2NzgxMTg2NTQ3NDYsICcjZ2FlQGluZm9ybGVhcm4uYXBwc3BvdC5jb20nKV0=,channel:channels/#django@inforlearn.appspot.com
WygxLjAsICcjdGlwc0BpbmZvcmxlYXJuLmFwcHNwb3QuY29tJyksICgxLjAsICcjc3VwcG9ydEBpbmZvcmxlYXJuLmFwcHNwb3QuY29tJyksICgxLjAsICcjc29mdG11c2ljQGluZm9ybGVhcm4uYXBwc3BvdC5jb20nKSwgKDEuMCwgJyNzbWF0YXBwc0BpbmZvcmxlYXJuLmFwcHNwb3QuY29tJyksICgxLjAsICcjc2NhbGFiaWxpdHlAaW5mb3JsZWFybi5hcHBzcG90LmNvbScpLCAoMS4wLCAnI3B5dGhvbkBpbmZvcmxlYXJuLmFwcHNwb3QuY29tJyksICgxLjAsICcjbm9zcWxAaW5mb3JsZWFybi5hcHBzcG90LmNvbScpLCAoMS4wLCAnI25ld3NAaW5mb3JsZWFybi5hcHBzcG90LmNvbScpLCAoMS4wLCAnI21vbmdvZGJAaW5mb3JsZWFybi5hcHBzcG90LmNvbScpLCAoMS4wLCAnI2xpbnV4QGluZm9ybGVhcm4uYXBwc3BvdC5jb20nKSwgKDEuMCwgJyNsYW1wQGluZm9ybGVhcm4uYXBwc3BvdC5jb20nKSwgKDEuMCwgJyNpbmZvcmxlYXJuc3RhdHVzQGluZm9ybGVhcm4uYXBwc3BvdC5jb20nKSwgKDEuMCwgJyNpbmZvcmxlYXJuQGluZm9ybGVhcm4uYXBwc3BvdC5jb20nKSwgKDEuMCwgJyNoYWRvb3BAaW5mb3JsZWFybi5hcHBzcG90LmNvbScpLCAoMS4wLCAnI2RqYW5nb0BpbmZvcmxlYXJuLmFwcHNwb3QuY29tJyksICgxLjAsICcjY2xvdWRjb21wdXRpbmdAaW5mb3JsZWFybi5hcHBzcG90LmNvbScpLCAoMS4wLCAnI2J1Z3NAaW5mb3JsZWFybi5hcHBzcG90LmNvbScpLCAoMS4wLCAnI2J1Z0BpbmZvcmxlYXJuLmFwcHNwb3QuY29tJyksICgwLjcwNzEwNjc4MTE4NjU0NzQ2LCAnI2dhZUBpbmZvcmxlYXJuLmFwcHNwb3QuY29tJyld,channel:channels/#feedback@inforlearn.appspot.com
WygwLjcwNzEwNjc4MTE4NjU0NzQ2LCAnI3RpcHNAaW5mb3JsZWFybi5hcHBzcG90LmNvbScpLCAoMC43MDcxMDY3ODExODY1NDc0NiwgJyNzdXBwb3J0QGluZm9ybGVhcm4uYXBwc3BvdC5jb20nKSwgKDAuNzA3MTA2NzgxMTg2NTQ3NDYsICcjc29mdG11c2ljQGluZm9ybGVhcm4uYXBwc3BvdC5jb20nKSwgKDAuNzA3MTA2NzgxMTg2NTQ3NDYsICcjc21hdGFwcHNAaW5mb3JsZWFybi5hcHBzcG90LmNvbScpLCAoMC43MDcxMDY3ODExODY1NDc0NiwgJyNzY2FsYWJpbGl0eUBpbmZvcmxlYXJuLmFwcHNwb3QuY29tJyksICgwLjcwNzEwNjc4MTE4NjU0NzQ2LCAnI3B5dGhvbkBpbmZvcmxlYXJuLmFwcHNwb3QuY29tJyksICgwLjcwNzEwNjc4MTE4NjU0NzQ2LCAnI25vc3FsQGluZm9ybGVhcm4uYXBwc3BvdC5jb20nKSwgKDAuNzA3MTA2NzgxMTg2NTQ3NDYsICcjbmV3c0BpbmZvcmxlYXJuLmFwcHNwb3QuY29tJyksICgwLjcwNzEwNjc4MTE4NjU0NzQ2LCAnI21vbmdvZGJAaW5mb3JsZWFybi5hcHBzcG90LmNvbScpLCAoMC43MDcxMDY3ODExODY1NDc0NiwgJyNtb2dpbGVmc0BpbmZvcmxlYXJuLmFwcHNwb3QuY29tJyksICgwLjcwNzEwNjc4MTE4NjU0NzQ2LCAnI2xpbnV4QGluZm9ybGVhcm4uYXBwc3BvdC5jb20nKSwgKDAuNzA3MTA2NzgxMTg2NTQ3NDYsICcjbGFtcEBpbmZvcmxlYXJuLmFwcHNwb3QuY29tJyksICgwLjcwNzEwNjc4MTE4NjU0NzQ2LCAnI2luZm9ybGVhcm5zdGF0dXNAaW5mb3JsZWFybi5hcHBzcG90LmNvbScpLCAoMC43MDcxMDY3ODExODY1NDc0NiwgJyNpbmZvcmxlYXJuQGluZm9ybGVhcm4uYXBwc3BvdC5jb20nKSwgKDAuNzA3MTA2NzgxMTg2NTQ3NDYsICcjaGFkb29wQGluZm9ybGVhcm4uYXBwc3BvdC5jb20nKSwgKDAuNzA3MTA2NzgxMTg2NTQ3NDYsICcjZmVlZGJhY2tAaW5mb3JsZWFybi5hcHBzcG90LmNvbScpLCAoMC43MDcxMDY3ODExODY1NDc0NiwgJyNkamFuZ29AaW5mb3JsZWFybi5hcHBzcG90LmNvbScpLCAoMC43MDcxMDY3ODExODY1NDc0NiwgJyNjbG91ZGNvbXB1dGluZ0BpbmZvcmxlYXJuLmFwcHNwb3QuY29tJyksICgwLjcwNzEwNjc4MTE4NjU0NzQ2LCAnI2J1Z3NAaW5mb3JsZWFybi5hcHBzcG90LmNvbScpLCAoMC43MDcxMDY3ODExODY1NDc0NiwgJyNidWdAaW5mb3JsZWFybi5hcHBzcG90LmNvbScpXQ==,channel:channels/#gae@inforlearn.appspot.com
WygxLjAsICcjdGlwc0BpbmZvcmxlYXJuLmFwcHNwb3QuY29tJyksICgxLjAsICcjc3VwcG9ydEBpbmZvcmxlYXJuLmFwcHNwb3QuY29tJyksICgxLjAsICcjc29mdG11c2ljQGluZm9ybGVhcm4uYXBwc3BvdC5jb20nKSwgKDEuMCwgJyNzbWF0YXBwc0BpbmZvcmxlYXJuLmFwcHNwb3QuY29tJyksICgxLjAsICcjc2NhbGFiaWxpdHlAaW5mb3JsZWFybi5hcHBzcG90LmNvbScpLCAoMS4wLCAnI3B5dGhvbkBpbmZvcmxlYXJuLmFwcHNwb3QuY29tJyksICgxLjAsICcjbm9zcWxAaW5mb3JsZWFybi5hcHBzcG90LmNvbScpLCAoMS4wLCAnI25ld3NAaW5mb3JsZWFybi5hcHBzcG90LmNvbScpLCAoMS4wLCAnI21vbmdvZGJAaW5mb3JsZWFybi5hcHBzcG90LmNvbScpLCAoMS4wLCAnI2xpbnV4QGluZm9ybGVhcm4uYXBwc3BvdC5jb20nKSwgKDEuMCwgJyNsYW1wQGluZm9ybGVhcm4uYXBwc3BvdC5jb20nKSwgKDEuMCwgJyNpbmZvcmxlYXJuc3RhdHVzQGluZm9ybGVhcm4uYXBwc3BvdC5jb20nKSwgKDEuMCwgJyNpbmZvcmxlYXJuQGluZm9ybGVhcm4uYXBwc3BvdC5jb20nKSwgKDEuMCwgJyNmZWVkYmFja0BpbmZvcmxlYXJuLmFwcHNwb3QuY29tJyksICgxLjAsICcjZGphbmdvQGluZm9ybGVhcm4uYXBwc3BvdC5jb20nKSwgKDEuMCwgJyNjbG91ZGNvbXB1dGluZ0BpbmZvcmxlYXJuLmFwcHNwb3QuY29tJyksICgxLjAsICcjYnVnc0BpbmZvcmxlYXJuLmFwcHNwb3QuY29tJyksICgxLjAsICcjYnVnQGluZm9ybGVhcm4uYXBwc3BvdC5jb20nKSwgKDAuNzA3MTA2NzgxMTg2NTQ3NDYsICcjZ2FlQGluZm9ybGVhcm4uYXBwc3BvdC5jb20nKV0=,channel:channels/#hadoop@inforlearn.appspot.com
WygxLjAsICcjdGlwc0BpbmZvcmxlYXJuLmFwcHNwb3QuY29tJyksICgxLjAsICcjc3VwcG9ydEBpbmZvcmxlYXJuLmFwcHNwb3QuY29tJyksICgxLjAsICcjc29mdG11c2ljQGluZm9ybGVhcm4uYXBwc3BvdC5jb20nKSwgKDEuMCwgJyNzbWF0YXBwc0BpbmZvcmxlYXJuLmFwcHNwb3QuY29tJyksICgxLjAsICcjc2NhbGFiaWxpdHlAaW5mb3JsZWFybi5hcHBzcG90LmNvbScpLCAoMS4wLCAnI3B5dGhvbkBpbmZvcmxlYXJuLmFwcHNwb3QuY29tJyksICgxLjAsICcjbm9zcWxAaW5mb3JsZWFybi5hcHBzcG90LmNvbScpLCAoMS4wLCAnI25ld3NAaW5mb3JsZWFybi5hcHBzcG90LmNvbScpLCAoMS4wLCAnI21vbmdvZGJAaW5mb3JsZWFybi5hcHBzcG90LmNvbScpLCAoMS4wLCAnI2xpbnV4QGluZm9ybGVhcm4uYXBwc3BvdC5jb20nKSwgKDEuMCwgJyNsYW1wQGluZm9ybGVhcm4uYXBwc3BvdC5jb20nKSwgKDEuMCwgJyNpbmZvcmxlYXJuc3RhdHVzQGluZm9ybGVhcm4uYXBwc3BvdC5jb20nKSwgKDEuMCwgJyNoYWRvb3BAaW5mb3JsZWFybi5hcHBzcG90LmNvbScpLCAoMS4wLCAnI2ZlZWRiYWNrQGluZm9ybGVhcm4uYXBwc3BvdC5jb20nKSwgKDEuMCwgJyNkamFuZ29AaW5mb3JsZWFybi5hcHBzcG90LmNvbScpLCAoMS4wLCAnI2Nsb3VkY29tcHV0aW5nQGluZm9ybGVhcm4uYXBwc3BvdC5jb20nKSwgKDEuMCwgJyNidWdzQGluZm9ybGVhcm4uYXBwc3BvdC5jb20nKSwgKDEuMCwgJyNidWdAaW5mb3JsZWFybi5hcHBzcG90LmNvbScpLCAoMC43MDcxMDY3ODExODY1NDc0NiwgJyNnYWVAaW5mb3JsZWFybi5hcHBzcG90LmNvbScpXQ==,channel:channels/#inforlearn@inforlearn.appspot.com
WygxLjAsICcjdGlwc0BpbmZvcmxlYXJuLmFwcHNwb3QuY29tJyksICgxLjAsICcjc3VwcG9ydEBpbmZvcmxlYXJuLmFwcHNwb3QuY29tJyksICgxLjAsICcjc29mdG11c2ljQGluZm9ybGVhcm4uYXBwc3BvdC5jb20nKSwgKDEuMCwgJyNzbWF0YXBwc0BpbmZvcmxlYXJuLmFwcHNwb3QuY29tJyksICgxLjAsICcjc2NhbGFiaWxpdHlAaW5mb3JsZWFybi5hcHBzcG90LmNvbScpLCAoMS4wLCAnI3B5dGhvbkBpbmZvcmxlYXJuLmFwcHNwb3QuY29tJyksICgxLjAsICcjbm9zcWxAaW5mb3JsZWFybi5hcHBzcG90LmNvbScpLCAoMS4wLCAnI25ld3NAaW5mb3JsZWFybi5hcHBzcG90LmNvbScpLCAoMS4wLCAnI21vbmdvZGJAaW5mb3JsZWFybi5hcHBzcG90LmNvbScpLCAoMS4wLCAnI2xpbnV4QGluZm9ybGVhcm4uYXBwc3BvdC5jb20nKSwgKDEuMCwgJyNsYW1wQGluZm9ybGVhcm4uYXBwc3BvdC5jb20nKSwgKDEuMCwgJyNpbmZvcmxlYXJuQGluZm9ybGVhcm4uYXBwc3BvdC5jb20nKSwgKDEuMCwgJyNoYWRvb3BAaW5mb3JsZWFybi5hcHBzcG90LmNvbScpLCAoMS4wLCAnI2ZlZWRiYWNrQGluZm9ybGVhcm4uYXBwc3BvdC5jb20nKSwgKDEuMCwgJyNkamFuZ29AaW5mb3JsZWFybi5hcHBzcG90LmNvbScpLCAoMS4wLCAnI2Nsb3VkY29tcHV0aW5nQGluZm9ybGVhcm4uYXBwc3BvdC5jb20nKSwgKDEuMCwgJyNidWdzQGluZm9ybGVhcm4uYXBwc3BvdC5jb20nKSwgKDEuMCwgJyNidWdAaW5mb3JsZWFybi5hcHBzcG90LmNvbScpLCAoMC43MDcxMDY3ODExODY1NDc0NiwgJyNnYWVAaW5mb3JsZWFybi5hcHBzcG90LmNvbScpXQ==,channel:channels/#inforlearnstatus@inforlearn.appspot.com
WygxLjAsICcjdGlwc0BpbmZvcmxlYXJuLmFwcHNwb3QuY29tJyksICgxLjAsICcjc3VwcG9ydEBpbmZvcmxlYXJuLmFwcHNwb3QuY29tJyksICgxLjAsICcjc29mdG11c2ljQGluZm9ybGVhcm4uYXBwc3BvdC5jb20nKSwgKDEuMCwgJyNzbWF0YXBwc0BpbmZvcmxlYXJuLmFwcHNwb3QuY29tJyksICgxLjAsICcjc2NhbGFiaWxpdHlAaW5mb3JsZWFybi5hcHBzcG90LmNvbScpLCAoMS4wLCAnI3B5dGhvbkBpbmZvcmxlYXJuLmFwcHNwb3QuY29tJyksICgxLjAsICcjbm9zcWxAaW5mb3JsZWFybi5hcHBzcG90LmNvbScpLCAoMS4wLCAnI25ld3NAaW5mb3JsZWFybi5hcHBzcG90LmNvbScpLCAoMS4wLCAnI21vbmdvZGJAaW5mb3JsZWFybi5hcHBzcG90LmNvbScpLCAoMS4wLCAnI2xpbnV4QGluZm9ybGVhcm4uYXBwc3BvdC5jb20nKSwgKDEuMCwgJyNpbmZvcmxlYXJuc3RhdHVzQGluZm9ybGVhcm4uYXBwc3BvdC5jb20nKSwgKDEuMCwgJyNpbmZvcmxlYXJuQGluZm9ybGVhcm4uYXBwc3BvdC5jb20nKSwgKDEuMCwgJyNoYWRvb3BAaW5mb3JsZWFybi5hcHBzcG90LmNvbScpLCAoMS4wLCAnI2ZlZWRiYWNrQGluZm9ybGVhcm4uYXBwc3BvdC5jb20nKSwgKDEuMCwgJyNkamFuZ29AaW5mb3JsZWFybi5hcHBzcG90LmNvbScpLCAoMS4wLCAnI2Nsb3VkY29tcHV0aW5nQGluZm9ybGVhcm4uYXBwc3BvdC5jb20nKSwgKDEuMCwgJyNidWdzQGluZm9ybGVhcm4uYXBwc3BvdC5jb20nKSwgKDEuMCwgJyNidWdAaW5mb3JsZWFybi5hcHBzcG90LmNvbScpLCAoMC43MDcxMDY3ODExODY1NDc0NiwgJyNnYWVAaW5mb3JsZWFybi5hcHBzcG90LmNvbScpXQ==,channel:channels/#lamp@inforlearn.appspot.com
WygxLjAsICcjdGlwc0BpbmZvcmxlYXJuLmFwcHNwb3QuY29tJyksICgxLjAsICcjc3VwcG9ydEBpbmZvcmxlYXJuLmFwcHNwb3QuY29tJyksICgxLjAsICcjc29mdG11c2ljQGluZm9ybGVhcm4uYXBwc3BvdC5jb20nKSwgKDEuMCwgJyNzbWF0YXBwc0BpbmZvcmxlYXJuLmFwcHNwb3QuY29tJyksICgxLjAsICcjc2NhbGFiaWxpdHlAaW5mb3JsZWFybi5hcHBzcG90LmNvbScpLCAoMS4wLCAnI3B5dGhvbkBpbmZvcmxlYXJuLmFwcHNwb3QuY29tJyksICgxLjAsICcjbm9zcWxAaW5mb3JsZWFybi5hcHBzcG90LmNvbScpLCAoMS4wLCAnI25ld3NAaW5mb3JsZWFybi5hcHBzcG90LmNvbScpLCAoMS4wLCAnI21vbmdvZGJAaW5mb3JsZWFybi5hcHBzcG90LmNvbScpLCAoMS4wLCAnI2xhbXBAaW5mb3JsZWFybi5hcHBzcG90LmNvbScpLCAoMS4wLCAnI2luZm9ybGVhcm5zdGF0dXNAaW5mb3JsZWFybi5hcHBzcG90LmNvbScpLCAoMS4wLCAnI2luZm9ybGVhcm5AaW5mb3JsZWFybi5hcHBzcG90LmNvbScpLCAoMS4wLCAnI2hhZG9vcEBpbmZvcmxlYXJuLmFwcHNwb3QuY29tJyksICgxLjAsICcjZmVlZGJhY2tAaW5mb3JsZWFybi5hcHBzcG90LmNvbScpLCAoMS4wLCAnI2RqYW5nb0BpbmZvcmxlYXJuLmFwcHNwb3QuY29tJyksICgxLjAsICcjY2xvdWRjb21wdXRpbmdAaW5mb3JsZWFybi5hcHBzcG90LmNvbScpLCAoMS4wLCAnI2J1Z3NAaW5mb3JsZWFybi5hcHBzcG90LmNvbScpLCAoMS4wLCAnI2J1Z0BpbmZvcmxlYXJuLmFwcHNwb3QuY29tJyksICgwLjcwNzEwNjc4MTE4NjU0NzQ2LCAnI2dhZUBpbmZvcmxlYXJuLmFwcHNwb3QuY29tJyld,channel:channels/#linux@inforlearn.appspot.com
WygwLjcwNzEwNjc4MTE4NjU0NzQ2LCAnI2dhZUBpbmZvcmxlYXJuLmFwcHNwb3QuY29tJyld,channel:channels/#mogilefs@inforlearn.appspot.com
WygxLjAsICcjdGlwc0BpbmZvcmxlYXJuLmFwcHNwb3QuY29tJyksICgxLjAsICcjc3VwcG9ydEBpbmZvcmxlYXJuLmFwcHNwb3QuY29tJyksICgxLjAsICcjc29mdG11c2ljQGluZm9ybGVhcm4uYXBwc3BvdC5jb20nKSwgKDEuMCwgJyNzbWF0YXBwc0BpbmZvcmxlYXJuLmFwcHNwb3QuY29tJyksICgxLjAsICcjc2NhbGFiaWxpdHlAaW5mb3JsZWFybi5hcHBzcG90LmNvbScpLCAoMS4wLCAnI3B5dGhvbkBpbmZvcmxlYXJuLmFwcHNwb3QuY29tJyksICgxLjAsICcjbm9zcWxAaW5mb3JsZWFybi5hcHBzcG90LmNvbScpLCAoMS4wLCAnI25ld3NAaW5mb3JsZWFybi5hcHBzcG90LmNvbScpLCAoMS4wLCAnI2xpbnV4QGluZm9ybGVhcm4uYXBwc3BvdC5jb20nKSwgKDEuMCwgJyNsYW1wQGluZm9ybGVhcm4uYXBwc3BvdC5jb20nKSwgKDEuMCwgJyNpbmZvcmxlYXJuc3RhdHVzQGluZm9ybGVhcm4uYXBwc3BvdC5jb20nKSwgKDEuMCwgJyNpbmZvcmxlYXJuQGluZm9ybGVhcm4uYXBwc3BvdC5jb20nKSwgKDEuMCwgJyNoYWRvb3BAaW5mb3JsZWFybi5hcHBzcG90LmNvbScpLCAoMS4wLCAnI2ZlZWRiYWNrQGluZm9ybGVhcm4uYXBwc3BvdC5jb20nKSwgKDEuMCwgJyNkamFuZ29AaW5mb3JsZWFybi5hcHBzcG90LmNvbScpLCAoMS4wLCAnI2Nsb3VkY29tcHV0aW5nQGluZm9ybGVhcm4uYXBwc3BvdC5jb20nKSwgKDEuMCwgJyNidWdzQGluZm9ybGVhcm4uYXBwc3BvdC5jb20nKSwgKDEuMCwgJyNidWdAaW5mb3JsZWFybi5hcHBzcG90LmNvbScpLCAoMC43MDcxMDY3ODExODY1NDc0NiwgJyNnYWVAaW5mb3JsZWFybi5hcHBzcG90LmNvbScpXQ==,channel:channels/#mongodb@inforlearn.appspot.com
WygxLjAsICcjdGlwc0BpbmZvcmxlYXJuLmFwcHNwb3QuY29tJyksICgxLjAsICcjc3VwcG9ydEBpbmZvcmxlYXJuLmFwcHNwb3QuY29tJyksICgxLjAsICcjc29mdG11c2ljQGluZm9ybGVhcm4uYXBwc3BvdC5jb20nKSwgKDEuMCwgJyNzbWF0YXBwc0BpbmZvcmxlYXJuLmFwcHNwb3QuY29tJyksICgxLjAsICcjc2NhbGFiaWxpdHlAaW5mb3JsZWFybi5hcHBzcG90LmNvbScpLCAoMS4wLCAnI3B5dGhvbkBpbmZvcmxlYXJuLmFwcHNwb3QuY29tJyksICgxLjAsICcjbm9zcWxAaW5mb3JsZWFybi5hcHBzcG90LmNvbScpLCAoMS4wLCAnI21vbmdvZGJAaW5mb3JsZWFybi5hcHBzcG90LmNvbScpLCAoMS4wLCAnI2xpbnV4QGluZm9ybGVhcm4uYXBwc3BvdC5jb20nKSwgKDEuMCwgJyNsYW1wQGluZm9ybGVhcm4uYXBwc3BvdC5jb20nKSwgKDEuMCwgJyNpbmZvcmxlYXJuc3RhdHVzQGluZm9ybGVhcm4uYXBwc3BvdC5jb20nKSwgKDEuMCwgJyNpbmZvcmxlYXJuQGluZm9ybGVhcm4uYXBwc3BvdC5jb20nKSwgKDEuMCwgJyNoYWRvb3BAaW5mb3JsZWFybi5hcHBzcG90LmNvbScpLCAoMS4wLCAnI2ZlZWRiYWNrQGluZm9ybGVhcm4uYXBwc3BvdC5jb20nKSwgKDEuMCwgJyNkamFuZ29AaW5mb3JsZWFybi5hcHBzcG90LmNvbScpLCAoMS4wLCAnI2Nsb3VkY29tcHV0aW5nQGluZm9ybGVhcm4uYXBwc3BvdC5jb20nKSwgKDEuMCwgJyNidWdzQGluZm9ybGVhcm4uYXBwc3BvdC5jb20nKSwgKDEuMCwgJyNidWdAaW5mb3JsZWFybi5hcHBzcG90LmNvbScpLCAoMC43MDcxMDY3ODExODY1NDc0NiwgJyNnYWVAaW5mb3JsZWFybi5hcHBzcG90LmNvbScpXQ==,channel:channels/#news@inforlearn.appspot.com
WygxLjAsICcjdGlwc0BpbmZvcmxlYXJuLmFwcHNwb3QuY29tJyksICgxLjAsICcjc3VwcG9ydEBpbmZvcmxlYXJuLmFwcHNwb3QuY29tJyksICgxLjAsICcjc29mdG11c2ljQGluZm9ybGVhcm4uYXBwc3BvdC5jb20nKSwgKDEuMCwgJyNzbWF0YXBwc0BpbmZvcmxlYXJuLmFwcHNwb3QuY29tJyksICgxLjAsICcjc2NhbGFiaWxpdHlAaW5mb3JsZWFybi5hcHBzcG90LmNvbScpLCAoMS4wLCAnI3B5dGhvbkBpbmZvcmxlYXJuLmFwcHNwb3QuY29tJyksICgxLjAsICcjbmV3c0BpbmZvcmxlYXJuLmFwcHNwb3QuY29tJyksICgxLjAsICcjbW9uZ29kYkBpbmZvcmxlYXJuLmFwcHNwb3QuY29tJyksICgxLjAsICcjbGludXhAaW5mb3JsZWFybi5hcHBzcG90LmNvbScpLCAoMS4wLCAnI2xhbXBAaW5mb3JsZWFybi5hcHBzcG90LmNvbScpLCAoMS4wLCAnI2luZm9ybGVhcm5zdGF0dXNAaW5mb3JsZWFybi5hcHBzcG90LmNvbScpLCAoMS4wLCAnI2luZm9ybGVhcm5AaW5mb3JsZWFybi5hcHBzcG90LmNvbScpLCAoMS4wLCAnI2hhZG9vcEBpbmZvcmxlYXJuLmFwcHNwb3QuY29tJyksICgxLjAsICcjZmVlZGJhY2tAaW5mb3JsZWFybi5hcHBzcG90LmNvbScpLCAoMS4wLCAnI2RqYW5nb0BpbmZvcmxlYXJuLmFwcHNwb3QuY29tJyksICgxLjAsICcjY2xvdWRjb21wdXRpbmdAaW5mb3JsZWFybi5hcHBzcG90LmNvbScpLCAoMS4wLCAnI2J1Z3NAaW5mb3JsZWFybi5hcHBzcG90LmNvbScpLCAoMS4wLCAnI2J1Z0BpbmZvcmxlYXJuLmFwcHNwb3QuY29tJyksICgwLjcwNzEwNjc4MTE4NjU0NzQ2LCAnI2dhZUBpbmZvcmxlYXJuLmFwcHNwb3QuY29tJyld,channel:channels/#nosql@inforlearn.appspot.com
WygxLjAsICcjdGlwc0BpbmZvcmxlYXJuLmFwcHNwb3QuY29tJyksICgxLjAsICcjc3VwcG9ydEBpbmZvcmxlYXJuLmFwcHNwb3QuY29tJyksICgxLjAsICcjc29mdG11c2ljQGluZm9ybGVhcm4uYXBwc3BvdC5jb20nKSwgKDEuMCwgJyNzbWF0YXBwc0BpbmZvcmxlYXJuLmFwcHNwb3QuY29tJyksICgxLjAsICcjc2NhbGFiaWxpdHlAaW5mb3JsZWFybi5hcHBzcG90LmNvbScpLCAoMS4wLCAnI25vc3FsQGluZm9ybGVhcm4uYXBwc3BvdC5jb20nKSwgKDEuMCwgJyNuZXdzQGluZm9ybGVhcm4uYXBwc3BvdC5jb20nKSwgKDEuMCwgJyNtb25nb2RiQGluZm9ybGVhcm4uYXBwc3BvdC5jb20nKSwgKDEuMCwgJyNsaW51eEBpbmZvcmxlYXJuLmFwcHNwb3QuY29tJyksICgxLjAsICcjbGFtcEBpbmZvcmxlYXJuLmFwcHNwb3QuY29tJyksICgxLjAsICcjaW5mb3JsZWFybnN0YXR1c0BpbmZvcmxlYXJuLmFwcHNwb3QuY29tJyksICgxLjAsICcjaW5mb3JsZWFybkBpbmZvcmxlYXJuLmFwcHNwb3QuY29tJyksICgxLjAsICcjaGFkb29wQGluZm9ybGVhcm4uYXBwc3BvdC5jb20nKSwgKDEuMCwgJyNmZWVkYmFja0BpbmZvcmxlYXJuLmFwcHNwb3QuY29tJyksICgxLjAsICcjZGphbmdvQGluZm9ybGVhcm4uYXBwc3BvdC5jb20nKSwgKDEuMCwgJyNjbG91ZGNvbXB1dGluZ0BpbmZvcmxlYXJuLmFwcHNwb3QuY29tJyksICgxLjAsICcjYnVnc0BpbmZvcmxlYXJuLmFwcHNwb3QuY29tJyksICgxLjAsICcjYnVnQGluZm9ybGVhcm4uYXBwc3BvdC5jb20nKSwgKDAuNzA3MTA2NzgxMTg2NTQ3NDYsICcjZ2FlQGluZm9ybGVhcm4uYXBwc3BvdC5jb20nKV0=,channel:channels/#python@inforlearn.appspot.com
WygxLjAsICcjdGlwc0BpbmZvcmxlYXJuLmFwcHNwb3QuY29tJyksICgxLjAsICcjc3VwcG9ydEBpbmZvcmxlYXJuLmFwcHNwb3QuY29tJyksICgxLjAsICcjc29mdG11c2ljQGluZm9ybGVhcm4uYXBwc3BvdC5jb20nKSwgKDEuMCwgJyNzbWF0YXBwc0BpbmZvcmxlYXJuLmFwcHNwb3QuY29tJyksICgxLjAsICcjcHl0aG9uQGluZm9ybGVhcm4uYXBwc3BvdC5jb20nKSwgKDEuMCwgJyNub3NxbEBpbmZvcmxlYXJuLmFwcHNwb3QuY29tJyksICgxLjAsICcjbmV3c0BpbmZvcmxlYXJuLmFwcHNwb3QuY29tJyksICgxLjAsICcjbW9uZ29kYkBpbmZvcmxlYXJuLmFwcHNwb3QuY29tJyksICgxLjAsICcjbGludXhAaW5mb3JsZWFybi5hcHBzcG90LmNvbScpLCAoMS4wLCAnI2xhbXBAaW5mb3JsZWFybi5hcHBzcG90LmNvbScpLCAoMS4wLCAnI2luZm9ybGVhcm5zdGF0dXNAaW5mb3JsZWFybi5hcHBzcG90LmNvbScpLCAoMS4wLCAnI2luZm9ybGVhcm5AaW5mb3JsZWFybi5hcHBzcG90LmNvbScpLCAoMS4wLCAnI2hhZG9vcEBpbmZvcmxlYXJuLmFwcHNwb3QuY29tJyksICgxLjAsICcjZmVlZGJhY2tAaW5mb3JsZWFybi5hcHBzcG90LmNvbScpLCAoMS4wLCAnI2RqYW5nb0BpbmZvcmxlYXJuLmFwcHNwb3QuY29tJyksICgxLjAsICcjY2xvdWRjb21wdXRpbmdAaW5mb3JsZWFybi5hcHBzcG90LmNvbScpLCAoMS4wLCAnI2J1Z3NAaW5mb3JsZWFybi5hcHBzcG90LmNvbScpLCAoMS4wLCAnI2J1Z0BpbmZvcmxlYXJuLmFwcHNwb3QuY29tJyksICgwLjcwNzEwNjc4MTE4NjU0NzQ2LCAnI2dhZUBpbmZvcmxlYXJuLmFwcHNwb3QuY29tJyld,channel:channels/#scalability@inforlearn.appspot.com
WygxLjAsICcjdGlwc0BpbmZvcmxlYXJuLmFwcHNwb3QuY29tJyksICgxLjAsICcjc3VwcG9ydEBpbmZvcmxlYXJuLmFwcHNwb3QuY29tJyksICgxLjAsICcjc29mdG11c2ljQGluZm9ybGVhcm4uYXBwc3BvdC5jb20nKSwgKDEuMCwgJyNzY2FsYWJpbGl0eUBpbmZvcmxlYXJuLmFwcHNwb3QuY29tJyksICgxLjAsICcjcHl0aG9uQGluZm9ybGVhcm4uYXBwc3BvdC5jb20nKSwgKDEuMCwgJyNub3NxbEBpbmZvcmxlYXJuLmFwcHNwb3QuY29tJyksICgxLjAsICcjbmV3c0BpbmZvcmxlYXJuLmFwcHNwb3QuY29tJyksICgxLjAsICcjbW9uZ29kYkBpbmZvcmxlYXJuLmFwcHNwb3QuY29tJyksICgxLjAsICcjbGludXhAaW5mb3JsZWFybi5hcHBzcG90LmNvbScpLCAoMS4wLCAnI2xhbXBAaW5mb3JsZWFybi5hcHBzcG90LmNvbScpLCAoMS4wLCAnI2luZm9ybGVhcm5zdGF0dXNAaW5mb3JsZWFybi5hcHBzcG90LmNvbScpLCAoMS4wLCAnI2luZm9ybGVhcm5AaW5mb3JsZWFybi5hcHBzcG90LmNvbScpLCAoMS4wLCAnI2hhZG9vcEBpbmZvcmxlYXJuLmFwcHNwb3QuY29tJyksICgxLjAsICcjZmVlZGJhY2tAaW5mb3JsZWFybi5hcHBzcG90LmNvbScpLCAoMS4wLCAnI2RqYW5nb0BpbmZvcmxlYXJuLmFwcHNwb3QuY29tJyksICgxLjAsICcjY2xvdWRjb21wdXRpbmdAaW5mb3JsZWFybi5hcHBzcG90LmNvbScpLCAoMS4wLCAnI2J1Z3NAaW5mb3JsZWFybi5hcHBzcG90LmNvbScpLCAoMS4wLCAnI2J1Z0BpbmZvcmxlYXJuLmFwcHNwb3QuY29tJyksICgwLjcwNzEwNjc4MTE4NjU0NzQ2LCAnI2dhZUBpbmZvcmxlYXJuLmFwcHNwb3QuY29tJyld,channel:channels/#smatapps@inforlearn.appspot.com
WygxLjAsICcjdGlwc0BpbmZvcmxlYXJuLmFwcHNwb3QuY29tJyksICgxLjAsICcjc3VwcG9ydEBpbmZvcmxlYXJuLmFwcHNwb3QuY29tJyksICgxLjAsICcjc21hdGFwcHNAaW5mb3JsZWFybi5hcHBzcG90LmNvbScpLCAoMS4wLCAnI3NjYWxhYmlsaXR5QGluZm9ybGVhcm4uYXBwc3BvdC5jb20nKSwgKDEuMCwgJyNweXRob25AaW5mb3JsZWFybi5hcHBzcG90LmNvbScpLCAoMS4wLCAnI25vc3FsQGluZm9ybGVhcm4uYXBwc3BvdC5jb20nKSwgKDEuMCwgJyNuZXdzQGluZm9ybGVhcm4uYXBwc3BvdC5jb20nKSwgKDEuMCwgJyNtb25nb2RiQGluZm9ybGVhcm4uYXBwc3BvdC5jb20nKSwgKDEuMCwgJyNsaW51eEBpbmZvcmxlYXJuLmFwcHNwb3QuY29tJyksICgxLjAsICcjbGFtcEBpbmZvcmxlYXJuLmFwcHNwb3QuY29tJyksICgxLjAsICcjaW5mb3JsZWFybnN0YXR1c0BpbmZvcmxlYXJuLmFwcHNwb3QuY29tJyksICgxLjAsICcjaW5mb3JsZWFybkBpbmZvcmxlYXJuLmFwcHNwb3QuY29tJyksICgxLjAsICcjaGFkb29wQGluZm9ybGVhcm4uYXBwc3BvdC5jb20nKSwgKDEuMCwgJyNmZWVkYmFja0BpbmZvcmxlYXJuLmFwcHNwb3QuY29tJyksICgxLjAsICcjZGphbmdvQGluZm9ybGVhcm4uYXBwc3BvdC5jb20nKSwgKDEuMCwgJyNjbG91ZGNvbXB1dGluZ0BpbmZvcmxlYXJuLmFwcHNwb3QuY29tJyksICgxLjAsICcjYnVnc0BpbmZvcmxlYXJuLmFwcHNwb3QuY29tJyksICgxLjAsICcjYnVnQGluZm9ybGVhcm4uYXBwc3BvdC5jb20nKSwgKDAuNzA3MTA2NzgxMTg2NTQ3NDYsICcjZ2FlQGluZm9ybGVhcm4uYXBwc3BvdC5jb20nKV0=,channel:channels/#softmusic@inforlearn.appspot.com
WygxLjAsICcjdGlwc0BpbmZvcmxlYXJuLmFwcHNwb3QuY29tJyksICgxLjAsICcjc29mdG11c2ljQGluZm9ybGVhcm4uYXBwc3BvdC5jb20nKSwgKDEuMCwgJyNzbWF0YXBwc0BpbmZvcmxlYXJuLmFwcHNwb3QuY29tJyksICgxLjAsICcjc2NhbGFiaWxpdHlAaW5mb3JsZWFybi5hcHBzcG90LmNvbScpLCAoMS4wLCAnI3B5dGhvbkBpbmZvcmxlYXJuLmFwcHNwb3QuY29tJyksICgxLjAsICcjbm9zcWxAaW5mb3JsZWFybi5hcHBzcG90LmNvbScpLCAoMS4wLCAnI25ld3NAaW5mb3JsZWFybi5hcHBzcG90LmNvbScpLCAoMS4wLCAnI21vbmdvZGJAaW5mb3JsZWFybi5hcHBzcG90LmNvbScpLCAoMS4wLCAnI2xpbnV4QGluZm9ybGVhcm4uYXBwc3BvdC5jb20nKSwgKDEuMCwgJyNsYW1wQGluZm9ybGVhcm4uYXBwc3BvdC5jb20nKSwgKDEuMCwgJyNpbmZvcmxlYXJuc3RhdHVzQGluZm9ybGVhcm4uYXBwc3BvdC5jb20nKSwgKDEuMCwgJyNpbmZvcmxlYXJuQGluZm9ybGVhcm4uYXBwc3BvdC5jb20nKSwgKDEuMCwgJyNoYWRvb3BAaW5mb3JsZWFybi5hcHBzcG90LmNvbScpLCAoMS4wLCAnI2ZlZWRiYWNrQGluZm9ybGVhcm4uYXBwc3BvdC5jb20nKSwgKDEuMCwgJyNkamFuZ29AaW5mb3JsZWFybi5hcHBzcG90LmNvbScpLCAoMS4wLCAnI2Nsb3VkY29tcHV0aW5nQGluZm9ybGVhcm4uYXBwc3BvdC5jb20nKSwgKDEuMCwgJyNidWdzQGluZm9ybGVhcm4uYXBwc3BvdC5jb20nKSwgKDEuMCwgJyNidWdAaW5mb3JsZWFybi5hcHBzcG90LmNvbScpLCAoMC43MDcxMDY3ODExODY1NDc0NiwgJyNnYWVAaW5mb3JsZWFybi5hcHBzcG90LmNvbScpXQ==,channel:channels/#support@inforlearn.appspot.com
WygxLjAsICcjc3VwcG9ydEBpbmZvcmxlYXJuLmFwcHNwb3QuY29tJyksICgxLjAsICcjc29mdG11c2ljQGluZm9ybGVhcm4uYXBwc3BvdC5jb20nKSwgKDEuMCwgJyNzbWF0YXBwc0BpbmZvcmxlYXJuLmFwcHNwb3QuY29tJyksICgxLjAsICcjc2NhbGFiaWxpdHlAaW5mb3JsZWFybi5hcHBzcG90LmNvbScpLCAoMS4wLCAnI3B5dGhvbkBpbmZvcmxlYXJuLmFwcHNwb3QuY29tJyksICgxLjAsICcjbm9zcWxAaW5mb3JsZWFybi5hcHBzcG90LmNvbScpLCAoMS4wLCAnI25ld3NAaW5mb3JsZWFybi5hcHBzcG90LmNvbScpLCAoMS4wLCAnI21vbmdvZGJAaW5mb3JsZWFybi5hcHBzcG90LmNvbScpLCAoMS4wLCAnI2xpbnV4QGluZm9ybGVhcm4uYXBwc3BvdC5jb20nKSwgKDEuMCwgJyNsYW1wQGluZm9ybGVhcm4uYXBwc3BvdC5jb20nKSwgKDEuMCwgJyNpbmZvcmxlYXJuc3RhdHVzQGluZm9ybGVhcm4uYXBwc3BvdC5jb20nKSwgKDEuMCwgJyNpbmZvcmxlYXJuQGluZm9ybGVhcm4uYXBwc3BvdC5jb20nKSwgKDEuMCwgJyNoYWRvb3BAaW5mb3JsZWFybi5hcHBzcG90LmNvbScpLCAoMS4wLCAnI2ZlZWRiYWNrQGluZm9ybGVhcm4uYXBwc3BvdC5jb20nKSwgKDEuMCwgJyNkamFuZ29AaW5mb3JsZWFybi5hcHBzcG90LmNvbScpLCAoMS4wLCAnI2Nsb3VkY29tcHV0aW5nQGluZm9ybGVhcm4uYXBwc3BvdC5jb20nKSwgKDEuMCwgJyNidWdzQGluZm9ybGVhcm4uYXBwc3BvdC5jb20nKSwgKDEuMCwgJyNidWdAaW5mb3JsZWFybi5hcHBzcG90LmNvbScpLCAoMC43MDcxMDY3ODExODY1NDc0NiwgJyNnYWVAaW5mb3JsZWFybi5hcHBzcG90LmNvbScpXQ==,channel:channels/#tips@inforlearn.appspot.com
